"data_source","outcome","respiratory","pearson_r","pearson_p","spearman_rho","spearman_p","n","pearson_sig","spearman_sig"
"combined_visits","dsq_freq_sum","cpet_ve",-0.560393334065648,0.000694455567652978,-0.492372665944701,0.00360579854575806,33,"***","**"
"combined_visits","dsq_freq_sum","sindex_post_max_percentpredict",-0.474790458570049,0.00225774050949166,-0.483801940020801,0.00180609659039756,39,"**","**"
"combined_visits","dsq_freq_sum","sindex_post_max",-0.429185418802854,0.00640271577960916,-0.453062566260432,0.00377547523691677,39,"**","**"
"combined_visits","dsq_freq_sum","mip_pre_max_percentpredict_1",-0.419309759618599,0.00707641866548962,-0.441623247415128,0.00433382720630381,40,"**","**"
"combined_visits","dsq_freq_sum","cpet_vo2peak_absolute",-0.440843245692102,0.00631527120137086,-0.436157117974864,0.00696326748520401,37,"**","**"
"combined_visits","dsq_freq_sum","mip_pre_max_percentpredict_2",-0.395642568444758,0.0115051849820262,-0.434752297487314,0.00505756824223902,40,"*","**"
"combined_visits","dsq_freq_sum","pif_post_max",-0.426290116023216,0.00680925662663058,-0.430550121406412,0.00621846684981729,39,"**","**"
"combined_visits","dsq_freq_sum","mip_post_max_percentpredict_1",-0.427483587212791,0.00593512672651731,-0.430516780408524,0.00555410249224758,40,"**","**"
"combined_visits","dsq_freq_sum","mip_post_max_percentpredict_2",-0.408511370773435,0.00887045517355392,-0.419504436003672,0.00704718354038768,40,"**","**"
"combined_visits","dsq_freq_sum","mip_post_max",-0.353015305780497,0.0254600834150545,-0.408750100912056,0.00882693517610339,40,"*","**"
"combined_visits","dsq_freq_sum","mip_pre_max",-0.341967971574239,0.0307883138887851,-0.386999881613175,0.0136264732496032,40,"*","*"
"combined_visits","dsq_freq_sum","mip_post_max_percentpredict_3",-0.339835910530441,0.0319155974937267,-0.383643724736586,0.0145351979073883,40,"*","*"
"combined_visits","dsq_freq_sum","mip_post_max_percentpredict_4",-0.339835910530441,0.0319155974937267,-0.383643724736586,0.0145351979073883,40,"*","*"
"combined_visits","dsq_freq_sum","sindex_pre_max_percentpredict",-0.408488705175338,0.00983053176726433,-0.373796166129865,0.0190735065374705,39,"**","*"
"combined_visits","dsq_freq_sum","mip_post_max_percentpredict_5",-0.3359184972664,0.034075324387311,-0.368866476261698,0.0191700767203371,40,"*","*"
"combined_visits","dsq_freq_sum","mip_pre_max_percentpredict_3",-0.329520606199853,0.0378593823672164,-0.356818783237586,0.023813033346584,40,"*","*"
"combined_visits","dsq_freq_sum","mip_pre_max_percentpredict_4",-0.329520606199853,0.0378593823672164,-0.356818783237586,0.023813033346584,40,"*","*"
"combined_visits","dsq_freq_sum","mip_pre_max_percentpredict_5",-0.323361730099413,0.0418194667720302,-0.333194010198115,0.03564693812321,40,"*","*"
"combined_visits","dsq_freq_sum","pif_pre_max",-0.387057519835481,0.0149225701845895,-0.323839776412077,0.0443107582924137,39,"*","*"
"combined_visits","dsq_freq_sum","sindex_pre_max",-0.382364974126405,0.0162942768966911,-0.32284751302133,0.0450033062206687,39,"*","*"
"combined_visits","dsq_freq_sum","smip_post_max",-0.229852964170787,0.153635980546025,-0.281970706071304,0.0779419723162905,40,"",""
"combined_visits","dsq_freq_sum","cpet_o2pulse",-0.307545321906316,0.0816712563900952,-0.261111798663454,0.142175613408978,33,"",""
"combined_visits","dsq_freq_sum","slopesmip_pre_max",-0.215564917120495,0.261413516245695,-0.251022245761005,0.189020556611881,29,"",""
"combined_visits","dsq_freq_sum","slopesmip_post_max",-0.183882557619392,0.339650615769663,-0.245828682055605,0.198642375881028,29,"",""
"combined_visits","dsq_freq_sum","smip_pre_max",-0.174336617366426,0.281970261909357,-0.205563762223922,0.203190392821341,40,"",""
"combined_visits","dsq_freq_sum","cpet_vt_peak",-0.122308017395807,0.490766317110272,-0.161375727429588,0.361887859524387,34,"",""
"combined_visits","dsq_freq_sum","id_pre_max",-0.0189381782037162,0.922323235751793,-0.136269219127403,0.480902655917577,29,"",""
"combined_visits","dsq_freq_sum","fit_post_max",-0.019511738164953,0.904878277721072,-0.123665095359514,0.447104689101995,40,"",""
"combined_visits","dsq_freq_sum","id_post_max",-0.00688046171215449,0.971742512883367,-0.111785275944802,0.563725377259851,29,"",""
"combined_visits","dsq_freq_sum","fit_pre_max",-0.0106769250756418,0.947865620846411,-0.108160495911187,0.506480127541909,40,"",""
"combined_visits","dsq_freq_sum","volume_post_max",-0.121425045932485,0.461512362030869,0.0870672884945602,0.598160922340967,39,"",""
"combined_visits","dsq_freq_sum","volume_pre_max",0.0800913585017437,0.627905509213618,0.0238944385039576,0.885195491020696,39,"",""
"combined_visits","dsq_freq_sum","fmd_percent",-0.256997626515025,0.124655734976528,-0.0028569916300832,0.98661057665152,37,"",""
"combined_visits","dsq_severity_sum","sindex_post_max_percentpredict",-0.500404303963397,0.00117800502680002,-0.540561949875978,0.000381499792499019,39,"**","***"
"combined_visits","dsq_severity_sum","cpet_ve",-0.61824742387442,0.000125940068647912,-0.535349392347328,0.00132574798248836,33,"***","**"
"combined_visits","dsq_severity_sum","mip_post_max_percentpredict_2",-0.430749331226633,0.00552578451393123,-0.481002205249056,0.00167869428591248,40,"**","**"
"combined_visits","dsq_severity_sum","mip_post_max_percentpredict_1",-0.440267629774667,0.0044690201682004,-0.475916221484919,0.00190953155535821,40,"**","**"
"combined_visits","dsq_severity_sum","mip_post_max",-0.376443275959862,0.0166588995556863,-0.437620451156906,0.00474361982137464,40,"*","**"
"combined_visits","dsq_severity_sum","cpet_vo2peak_absolute",-0.475743192879701,0.00292002227673803,-0.437225290804085,0.00681074507281812,37,"**","**"
"combined_visits","dsq_severity_sum","mip_post_max_percentpredict_5",-0.356630907675604,0.0238922541777033,-0.432967914143315,0.00526185041881748,40,"*","**"
"combined_visits","dsq_severity_sum","mip_post_max_percentpredict_3",-0.352421403734807,0.0257256069153781,-0.426186602457799,0.00610482576959286,40,"*","**"
"combined_visits","dsq_severity_sum","mip_post_max_percentpredict_4",-0.352421403734807,0.0257256069153781,-0.426186602457799,0.00610482576959286,40,"*","**"
"combined_visits","dsq_severity_sum","sindex_pre_max_percentpredict",-0.423922209580936,0.00715808263609843,-0.424988625880306,0.006999126910276,39,"**","**"
"combined_visits","dsq_severity_sum","sindex_post_max",-0.4546537789813,0.00364000892964194,-0.422800823967873,0.00732857212187278,39,"**","**"
"combined_visits","dsq_severity_sum","mip_pre_max_percentpredict_1",-0.407975819949555,0.00896875449348058,-0.418840181465156,0.00714736691394729,40,"**","**"
"combined_visits","dsq_severity_sum","mip_pre_max_percentpredict_2",-0.394903419985856,0.0116748697413696,-0.410457726742782,0.00852094233351095,40,"*","**"
"combined_visits","dsq_severity_sum","pif_post_max",-0.441679718749579,0.00487914081186114,-0.396413516492187,0.0124769809594739,39,"**","*"
"combined_visits","dsq_severity_sum","slopesmip_post_max",-0.213100025533739,0.267038288010824,-0.336473971070503,0.0743076203270328,29,"",""
"combined_visits","dsq_severity_sum","mip_pre_max",-0.345514237704669,0.0289860688327348,-0.336193387254118,0.0339199625106093,40,"*","*"
"combined_visits","dsq_severity_sum","mip_pre_max_percentpredict_3",-0.319285556103574,0.0446207534046491,-0.333226121435512,0.0356280751922207,40,"*","*"
"combined_visits","dsq_severity_sum","mip_pre_max_percentpredict_4",-0.319285556103574,0.0446207534046491,-0.333226121435512,0.0356280751922207,40,"*","*"
"combined_visits","dsq_severity_sum","mip_pre_max_percentpredict_5",-0.321514812725654,0.0430704939278464,-0.332001717936738,0.0363531284541991,40,"*","*"
"combined_visits","dsq_severity_sum","pif_pre_max",-0.393944734515917,0.0130866665577657,-0.30854704296631,0.0559911592193257,39,"*",""
"combined_visits","dsq_severity_sum","sindex_pre_max",-0.401552732801609,0.011284797389974,-0.308531476336944,0.0560041909295356,39,"*",""
"combined_visits","dsq_severity_sum","slopesmip_pre_max",-0.231584477104815,0.2267474189599,-0.283242253792976,0.136514558553729,29,"",""
"combined_visits","dsq_severity_sum","smip_post_max",-0.224442031343446,0.163825298659773,-0.272832113222703,0.0885102309405384,40,"",""
"combined_visits","dsq_severity_sum","cpet_o2pulse",-0.336303401410506,0.055673676837664,-0.246207051367756,0.167221792097698,33,"",""
"combined_visits","dsq_severity_sum","smip_pre_max",-0.214540809105522,0.183719563852703,-0.200048694722733,0.215843799518092,40,"",""
"combined_visits","dsq_severity_sum","cpet_vt_peak",-0.160093445729092,0.365765697464071,-0.182322247689232,0.302058273122547,34,"",""
"combined_visits","dsq_severity_sum","id_pre_max",0.0164429600222867,0.932532821940073,-0.0826948538171802,0.669766482776844,29,"",""
"combined_visits","dsq_severity_sum","fit_post_max",0.0395085584035528,0.808745313133026,-0.0781634200582579,0.63164863130384,40,"",""
"combined_visits","dsq_severity_sum","fit_pre_max",0.006777260928165,0.966893785798791,-0.0731003830785485,0.653960081168743,40,"",""
"combined_visits","dsq_severity_sum","volume_post_max",-0.265880093172274,0.101840408588247,0.0492139075177243,0.766068331512143,39,"",""
"combined_visits","dsq_severity_sum","volume_pre_max",0.0569499808405442,0.730574911737522,0.0396145859472774,0.810766083091337,39,"",""
"combined_visits","dsq_severity_sum","id_post_max",0.0620445360437892,0.749172093307648,-0.0361480498721806,0.852318466839878,29,"",""
"combined_visits","dsq_severity_sum","fmd_percent",-0.261469004170606,0.118005672586247,-0.029299921090961,0.863324207282779,37,"",""
"combined_visits","dsq_sum","cpet_ve",-0.598251712518074,0.000235776290323365,-0.544146641544211,0.00106241716917496,33,"***","**"
"combined_visits","dsq_sum","sindex_post_max_percentpredict",-0.495876188271578,0.00132644637714489,-0.520642219734196,0.000679083907414507,39,"**","***"
"combined_visits","dsq_sum","cpet_vo2peak_absolute",-0.465667524268783,0.00367849073033269,-0.467416450869645,0.00353570820367655,37,"**","**"
"combined_visits","dsq_sum","mip_post_max_percentpredict_1",-0.441372907470006,0.00435852185357,-0.464258127196002,0.00254697184978143,40,"**","**"
"combined_visits","dsq_sum","mip_post_max_percentpredict_2",-0.426926795661492,0.00600747165178639,-0.460968182986271,0.00275770589514845,40,"**","**"
"combined_visits","dsq_sum","mip_pre_max_percentpredict_1",-0.420682548286172,0.00687247379561472,-0.460216195738333,0.00280796571891401,40,"**","**"
"combined_visits","dsq_sum","mip_pre_max_percentpredict_2",-0.402046419101879,0.0101209764628299,-0.452508326446964,0.00337123978755479,40,"*","**"
"combined_visits","dsq_sum","sindex_post_max",-0.44943445293611,0.00410087842258823,-0.449218104812299,0.00412103047766724,39,"**","**"
"combined_visits","dsq_sum","mip_post_max",-0.371089936098607,0.0184022436213721,-0.433086166979407,0.00524809455689557,40,"*","**"
"combined_visits","dsq_sum","pif_post_max",-0.441315326426604,0.00491866467449128,-0.424242459337302,0.00711002444749021,39,"**","**"
"combined_visits","dsq_sum","mip_post_max_percentpredict_3",-0.352120654586315,0.0258609408907852,-0.412653002306226,0.00814097181294336,40,"*","**"
"combined_visits","dsq_sum","mip_post_max_percentpredict_4",-0.352120654586315,0.0258609408907852,-0.412653002306226,0.00814097181294336,40,"*","**"
"combined_visits","dsq_sum","mip_post_max_percentpredict_5",-0.352306491001407,0.0257772468885752,-0.40955105490848,0.0086822575354264,40,"*","**"
"combined_visits","dsq_sum","sindex_pre_max_percentpredict",-0.423239025406442,0.00726153921969275,-0.407750189622339,0.00997734197324293,39,"**","**"
"combined_visits","dsq_sum","mip_pre_max",-0.349650695389238,0.0269949018144053,-0.392412798074327,0.0122624085871484,40,"*","*"
"combined_visits","dsq_sum","mip_pre_max_percentpredict_3",-0.329917898124954,0.0376148221959849,-0.369789729173734,0.0188480465996315,40,"*","*"
"combined_visits","dsq_sum","mip_pre_max_percentpredict_4",-0.329917898124954,0.0376148221959849,-0.369789729173734,0.0188480465996315,40,"*","*"
"combined_visits","dsq_sum","mip_pre_max_percentpredict_5",-0.327957888081341,0.038833966949736,-0.357475937988742,0.0235376511872789,40,"*","*"
"combined_visits","dsq_sum","pif_pre_max",-0.397061233814072,0.0123210743443022,-0.329168643034447,0.0407375164656826,39,"*","*"
"combined_visits","dsq_sum","sindex_pre_max",-0.398606619432692,0.0119557651251953,-0.327209361685261,0.0420230520347046,39,"*","*"
"combined_visits","dsq_sum","smip_post_max",-0.23101703560394,0.151505747212459,-0.31708637024548,0.046194062365596,40,"","*"
"combined_visits","dsq_sum","cpet_o2pulse",-0.326787041350827,0.0634257869211892,-0.267805175783063,0.131866743434574,33,"",""
"combined_visits","dsq_sum","slopesmip_post_max",-0.20267625432551,0.291686980890932,-0.260215504002175,0.172792713952527,29,"",""
"combined_visits","dsq_sum","smip_pre_max",-0.197956757657025,0.2207828850894,-0.250505751969497,0.118978842797057,40,"",""
"combined_visits","dsq_sum","slopesmip_pre_max",-0.228265732373309,0.233661307186755,-0.242933639410001,0.204149958240706,29,"",""
"combined_visits","dsq_sum","cpet_vt_peak",-0.143274171482897,0.418883688662134,-0.192022523710973,0.276613933924353,34,"",""
"combined_visits","dsq_sum","id_pre_max",-0.0012259413849771,0.994964198502476,-0.153808594870356,0.425678855591081,29,"",""
"combined_visits","dsq_sum","fit_post_max",0.0104406208828604,0.949017945354201,-0.142567556053208,0.38017212349542,40,"",""
"combined_visits","dsq_sum","fit_pre_max",-0.00190317955196138,0.9907008058851,-0.133783485280527,0.410508148822351,40,"",""
"combined_visits","dsq_sum","id_post_max",0.0282510671589762,0.884337174411232,-0.108135095591037,0.576604076396094,29,"",""
"combined_visits","dsq_sum","volume_post_max",-0.197631618277647,0.227820531202688,0.0576913478038848,0.727201050994454,39,"",""
"combined_visits","dsq_sum","volume_pre_max",0.0695464489830545,0.673976533630928,0.0192307791856647,0.907494503090933,39,"",""
"combined_visits","dsq_sum","fmd_percent",-0.263372552884918,0.115256824570842,-0.0138459992617166,0.935175534216721,37,"",""
"combined_visits","fss_sum","mip_post_max_percentpredict_2",-0.61544980210258,2.37325408480499e-05,-0.605193026213534,3.51935152733953e-05,40,"***","***"
"combined_visits","fss_sum","mip_post_max_percentpredict_3",-0.562146642579765,0.000160048075619968,-0.600779671328812,4.15226718933396e-05,40,"***","***"
"combined_visits","fss_sum","mip_post_max_percentpredict_4",-0.562146642579765,0.000160048075619968,-0.600779671328812,4.15226718933396e-05,40,"***","***"
"combined_visits","fss_sum","sindex_post_max_percentpredict",-0.579172152405278,0.000111967932632513,-0.594356686733313,6.6199910559112e-05,39,"***","***"
"combined_visits","fss_sum","mip_post_max_percentpredict_5",-0.571152052137108,0.000118623935301988,-0.587539606674645,6.72220597051554e-05,40,"***","***"
"combined_visits","fss_sum","mip_post_max",-0.493234522225805,0.00122135897402398,-0.582393901159928,8.06099488754801e-05,40,"**","***"
"combined_visits","fss_sum","mip_post_max_percentpredict_1",-0.600223633178151,4.23895646249929e-05,-0.573360530342877,0.000110075884596549,40,"***","***"
"combined_visits","fss_sum","mip_pre_max_percentpredict_1",-0.582217224785903,8.11097955461743e-05,-0.54303045315638,0.000293978694604173,40,"***","***"
"combined_visits","fss_sum","cpet_vo2peak_absolute",-0.378658819010757,0.0208306172526565,-0.54204540340733,0.000529727408460326,37,"*","***"
"combined_visits","fss_sum","mip_pre_max_percentpredict_2",-0.596149088273646,4.92617355598578e-05,-0.530917202515333,0.000424249010660948,40,"***","***"
"combined_visits","fss_sum","mip_pre_max_percentpredict_3",-0.540635997361935,0.00031643555750606,-0.523029504423489,0.00053478645827851,40,"***","***"
"combined_visits","fss_sum","mip_pre_max_percentpredict_4",-0.540635997361935,0.00031643555750606,-0.523029504423489,0.00053478645827851,40,"***","***"
"combined_visits","fss_sum","cpet_ve",-0.410419854251451,0.0176746202971468,-0.519374662784277,0.00195253164986972,33,"*","**"
"combined_visits","fss_sum","mip_pre_max_percentpredict_5",-0.545499713974275,0.000272329991986154,-0.498709101973636,0.00105524916444015,40,"***","**"
"combined_visits","fss_sum","sindex_pre_max_percentpredict",-0.527813523894292,0.00055403577383922,-0.492629084708041,0.00144284489095819,39,"***","**"
"combined_visits","fss_sum","mip_pre_max",-0.473685037917142,0.00201932659869272,-0.484243768302572,0.00154475927519088,40,"**","**"
"combined_visits","fss_sum","sindex_post_max",-0.425948763516059,0.00685862118560859,-0.479379105360624,0.00201670311147857,39,"**","**"
"combined_visits","fss_sum","pif_post_max",-0.421137712709023,0.00758784745705452,-0.459089329311971,0.00328450662737877,39,"**","**"
"combined_visits","fss_sum","smip_post_max",-0.348169612863949,0.0276944076142429,-0.388317757953616,0.0132830518643466,40,"*","*"
"combined_visits","fss_sum","pif_pre_max",-0.38872290797445,0.0144598057450414,-0.351141581435459,0.0283898042571531,39,"*","*"
"combined_visits","fss_sum","sindex_pre_max",-0.381060364118526,0.0166939776181807,-0.349269941124599,0.0293037388506007,39,"*","*"
"combined_visits","fss_sum","cpet_o2pulse",-0.238011273224127,0.182265259791012,-0.317349133302929,0.0719270650645888,33,"",""
"combined_visits","fss_sum","slopesmip_post_max",-0.263111254394289,0.167891096767138,-0.265976217074307,0.16313930580391,29,"",""
"combined_visits","fss_sum","smip_pre_max",-0.261026435462503,0.103764505145009,-0.263956182573506,0.0998041517527985,40,"",""
"combined_visits","fss_sum","slopesmip_pre_max",-0.248208074980053,0.194193149428115,-0.248211571778064,0.194186661960581,29,"",""
"combined_visits","fss_sum","fit_post_max",-0.148642269132427,0.359989423545582,-0.239582528750219,0.136490862660861,40,"",""
"combined_visits","fss_sum","fit_pre_max",-0.123633667495694,0.447221060623814,-0.190308723517144,0.23949953209987,40,"",""
"combined_visits","fss_sum","volume_post_max",-0.069060195696084,0.676131190796865,0.187956583382327,0.251858508944372,39,"",""
"combined_visits","fss_sum","fmd_percent",-0.342206947941595,0.0381558598267445,-0.176184336856921,0.296905761674434,37,"*",""
"combined_visits","fss_sum","cpet_vt_peak",-0.0998589557262875,0.574183553184901,-0.172749015800342,0.328576466774952,34,"",""
"combined_visits","fss_sum","volume_pre_max",0.19303430860788,0.239039534775112,0.162067740138531,0.324270643106946,39,"",""
"combined_visits","fss_sum","id_post_max",0.0250335610833263,0.897436883939842,-0.11497673205624,0.552573506873839,29,"",""
"combined_visits","fss_sum","id_pre_max",0.0109084603667353,0.955213225969785,-0.0722922371083227,0.709394554634334,29,"",""
"combined_visits","psqi_disturbances","cpet_vt_peak",-0.383716918862253,0.0250725498430503,-0.420525444969406,0.0132722165144488,34,"*","*"
"combined_visits","psqi_disturbances","smip_post_max",-0.330395989024038,0.0373222365500916,-0.374201862295429,0.0173710985680074,40,"*","*"
"combined_visits","psqi_disturbances","smip_pre_max",-0.362765558281134,0.0214161487533746,-0.348866107170001,0.0273636119597002,40,"*","*"
"combined_visits","psqi_disturbances","sindex_pre_max",-0.202487059342884,0.216368038368935,-0.274912911947432,0.0903064616064016,39,"",""
"combined_visits","psqi_disturbances","pif_pre_max",-0.19998247368024,0.222224936860053,-0.263673654304248,0.104821549518698,39,"",""
"combined_visits","psqi_disturbances","mip_pre_max",-0.324726346303583,0.0409142250608625,-0.254649645187397,0.112797648897358,40,"*",""
"combined_visits","psqi_disturbances","id_pre_max",-0.318665444599552,0.0920217799910746,-0.252833032569817,0.185743338989681,29,"",""
"combined_visits","psqi_disturbances","mip_pre_max_percentpredict_3",-0.34003066901781,0.0318112337604489,-0.25216838437183,0.116468891805743,40,"*",""
"combined_visits","psqi_disturbances","mip_pre_max_percentpredict_4",-0.34003066901781,0.0318112337604489,-0.25216838437183,0.116468891805743,40,"*",""
"combined_visits","psqi_disturbances","fit_post_max",-0.053110053010204,0.744820852318619,-0.225432331643656,0.161924853169587,40,"",""
"combined_visits","psqi_disturbances","fit_pre_max",-0.107988560719347,0.50716010645747,-0.222371168388479,0.1678514483623,40,"",""
"combined_visits","psqi_disturbances","id_post_max",-0.262858283342539,0.168315329981311,-0.217541180695296,0.256959981914017,29,"",""
"combined_visits","psqi_disturbances","volume_pre_max",-0.212202399798769,0.194660091530125,-0.211724059943714,0.195691598620352,39,"",""
"combined_visits","psqi_disturbances","volume_post_max",-0.176484580894492,0.282486230278949,-0.21089487340673,0.197488771210955,39,"",""
"combined_visits","psqi_disturbances","mip_post_max",-0.246604894920584,0.125027160050245,-0.208274740298374,0.197164452783962,40,"",""
"combined_visits","psqi_disturbances","mip_post_max_percentpredict_3",-0.249319001701504,0.120795126928562,-0.206595784786559,0.200881430948231,40,"",""
"combined_visits","psqi_disturbances","mip_post_max_percentpredict_4",-0.249319001701504,0.120795126928562,-0.206595784786559,0.200881430948231,40,"",""
"combined_visits","psqi_disturbances","pif_post_max",-0.160584067180453,0.328779052706523,-0.204794742326008,0.211066676187391,39,"",""
"combined_visits","psqi_disturbances","mip_pre_max_percentpredict_1",-0.313871293438043,0.0485745197276005,-0.201671848739415,0.212064519538407,40,"*",""
"combined_visits","psqi_disturbances","mip_pre_max_percentpredict_5",-0.311176316954594,0.0506451920740497,-0.201671848739415,0.212064519538407,40,"",""
"combined_visits","psqi_disturbances","sindex_post_max",-0.160705229823258,0.328409424170306,-0.19967776687356,0.222944838778511,39,"",""
"combined_visits","psqi_disturbances","cpet_vo2peak_absolute",-0.138407794146853,0.413957873225566,-0.190389291841145,0.259021817038152,37,"",""
"combined_visits","psqi_disturbances","mip_pre_max_percentpredict_2",-0.296430843396951,0.0632637014699922,-0.183023750518316,0.258299800441092,40,"",""
"combined_visits","psqi_disturbances","cpet_o2pulse",-0.192437150709019,0.283311444711077,-0.17356490769623,0.334060308347808,33,"",""
"combined_visits","psqi_disturbances","mip_post_max_percentpredict_1",-0.212524610964606,0.187972498002624,-0.163118477136244,0.314562604967235,40,"",""
"combined_visits","psqi_disturbances","mip_post_max_percentpredict_5",-0.225391149120678,0.16200356517645,-0.159346951653325,0.326033163808815,40,"",""
"combined_visits","psqi_disturbances","mip_post_max_percentpredict_2",-0.197533437493322,0.221791733838376,-0.155470661573658,0.338090641282299,40,"",""
"combined_visits","psqi_disturbances","sindex_pre_max_percentpredict",-0.142242155861209,0.387695050445862,-0.146961064545312,0.371979020596359,39,"",""
"combined_visits","psqi_disturbances","cpet_ve",-0.0337513738383501,0.852081036678167,-0.130173680772172,0.470270910788687,33,"",""
"combined_visits","psqi_disturbances","sindex_post_max_percentpredict",-0.0794507143901375,0.630667396830261,-0.105133684636262,0.524146204170075,39,"",""
"combined_visits","psqi_disturbances","slopesmip_post_max",-0.153021074648644,0.42808081430544,0.0672750926358075,0.72878318432151,29,"",""
"combined_visits","psqi_disturbances","slopesmip_pre_max",-0.170923052579244,0.375342858652336,0.0540406481828618,0.780689901126919,29,"",""
"combined_visits","psqi_disturbances","fmd_percent",0.0230865232586115,0.892115483112734,-0.0269423929790542,0.874229995069382,37,"",""
"combined_visits","psqi_sum","mip_pre_max",-0.501190888467712,0.000986792053666905,-0.568167750035193,0.000131128318932284,40,"***","***"
"combined_visits","psqi_sum","mip_pre_max_percentpredict_3",-0.520372175158102,0.000577445841111141,-0.532687127634294,0.000402454725582354,40,"***","***"
"combined_visits","psqi_sum","mip_pre_max_percentpredict_4",-0.520372175158102,0.000577445841111141,-0.532687127634294,0.000402454725582354,40,"***","***"
"combined_visits","psqi_sum","mip_post_max",-0.487563683410347,0.00141746067174416,-0.50998479053103,0.000774861770278104,40,"**","***"
"combined_visits","psqi_sum","mip_pre_max_percentpredict_5",-0.503853559310692,0.000917758558894312,-0.495810239017968,0.00114052224685421,40,"***","**"
"combined_visits","psqi_sum","mip_post_max_percentpredict_3",-0.510069111545926,0.000773043179773689,-0.470439694164281,0.00218894458379303,40,"***","**"
"combined_visits","psqi_sum","mip_post_max_percentpredict_4",-0.510069111545926,0.000773043179773689,-0.470439694164281,0.00218894458379303,40,"***","**"
"combined_visits","psqi_sum","mip_post_max_percentpredict_5",-0.499980680630429,0.0010196650472232,-0.435354777117546,0.00499016566062389,40,"**","**"
"combined_visits","psqi_sum","mip_pre_max_percentpredict_2",-0.486659702699303,0.00145116888960403,-0.434788891358728,0.00505345188346112,40,"**","**"
"combined_visits","psqi_sum","cpet_vo2peak_absolute",-0.316028581582347,0.0567143436753407,-0.419754658755852,0.00970062395177632,37,"","**"
"combined_visits","psqi_sum","mip_post_max_percentpredict_2",-0.474155478982394,0.00199572496576961,-0.412247775299132,0.00820999477032868,40,"**","**"
"combined_visits","psqi_sum","smip_post_max",-0.382498967069823,0.0148566563721202,-0.382055886169552,0.0149826809120434,40,"*","*"
"combined_visits","psqi_sum","mip_pre_max_percentpredict_1",-0.446489822903127,0.00387736316735877,-0.376974229666125,0.0164938446387193,40,"**","*"
"combined_visits","psqi_sum","cpet_o2pulse",-0.263046476190626,0.13913733700992,-0.355975250214781,0.0420303048019215,33,"","*"
"combined_visits","psqi_sum","mip_post_max_percentpredict_1",-0.432979254327443,0.00526052990890003,-0.354433113606529,0.0248353947332597,40,"**","*"
"combined_visits","psqi_sum","sindex_post_max",-0.338210281635957,0.0352124675154088,-0.346588603439411,0.0306552150422136,39,"*","*"
"combined_visits","psqi_sum","pif_post_max",-0.333915450480207,0.0377551231176427,-0.344153703204047,0.0319265345293615,39,"*","*"
"combined_visits","psqi_sum","cpet_ve",-0.262400161996274,0.140146994803382,-0.318406636491215,0.0709325920388672,33,"",""
"combined_visits","psqi_sum","smip_pre_max",-0.326708590228591,0.0396277162882737,-0.305578309761883,0.0551731952732012,40,"*",""
"combined_visits","psqi_sum","slopesmip_pre_max",-0.314924993587044,0.0961181655475127,-0.304418816769695,0.108360142560856,29,"",""
"combined_visits","psqi_sum","pif_pre_max",-0.324354703107397,0.0439547791446072,-0.30147604208219,0.0621646391415022,39,"*",""
"combined_visits","psqi_sum","sindex_pre_max",-0.322183558971747,0.0454715779260761,-0.301211104478262,0.0624060318232959,39,"*",""
"combined_visits","psqi_sum","sindex_post_max_percentpredict",-0.306937790099164,0.0573512234143974,-0.280265331352866,0.0839639329510516,39,"",""
"combined_visits","psqi_sum","slopesmip_post_max",-0.200048623058347,0.298120716538561,-0.250129141792037,0.190651638701736,29,"",""
"combined_visits","psqi_sum","sindex_pre_max_percentpredict",-0.296946148143952,0.066395203927767,-0.235471744067991,0.149004215036774,39,"",""
"combined_visits","psqi_sum","fmd_percent",-0.206719043655444,0.219605825806065,-0.214949475146525,0.201388402153509,37,"",""
"combined_visits","psqi_sum","cpet_vt_peak",-0.0299052101877799,0.866669197497599,-0.145159128753092,0.412724764961387,34,"",""
"combined_visits","psqi_sum","fit_post_max",0.0973451715222522,0.550130752824852,-0.131208971285627,0.419653807064242,40,"",""
"combined_visits","psqi_sum","volume_post_max",-0.175686067622184,0.284704466202486,-0.128703034145669,0.434887435146721,39,"",""
"combined_visits","psqi_sum","volume_pre_max",-0.0400448571545532,0.808748727186178,-0.0978353122020732,0.553497674627073,39,"",""
"combined_visits","psqi_sum","fit_pre_max",0.0979782425851528,0.547527541008175,-0.0957387205004478,0.556762679280886,40,"",""
"combined_visits","psqi_sum","id_post_max",-0.0298152167928531,0.877979461167489,-0.0647013934665231,0.738793923909252,29,"",""
"combined_visits","psqi_sum","id_pre_max",0.0249657421830854,0.897713296940359,0.0235503156295774,0.903484848796601,29,"",""
"visit1_only","dsq_freq_sum","sindex_post_max_percentpredict",-0.495778027630451,0.0189523122412215,-0.539119891046339,0.0096222509095567,22,"*","**"
"visit1_only","dsq_freq_sum","mip_post_max_percentpredict_1",-0.511539117602495,0.0149578015586039,-0.498870141031313,0.0181075457975148,22,"*","*"
"visit1_only","dsq_freq_sum","sindex_post_max",-0.50121021177871,0.0174886608706041,-0.47808764940239,0.0244160054956638,22,"*","*"
"visit1_only","dsq_freq_sum","mip_post_max_percentpredict_2",-0.450697417130716,0.0352857378300013,-0.474493531867283,0.0256662676117484,22,"*","*"
"visit1_only","dsq_freq_sum","pif_post_max",-0.490697958370348,0.0204089179444082,-0.43265016371963,0.0443142033351929,22,"*","*"
"visit1_only","dsq_freq_sum","cpet_ve",-0.555606821112546,0.0109776153081336,-0.420699183915918,0.064736099869599,20,"*",""
"visit1_only","dsq_freq_sum","mip_post_max",-0.352026294310886,0.108123310395418,-0.399038045455577,0.0658154529618404,22,"",""
"visit1_only","dsq_freq_sum","mip_pre_max_percentpredict_1",-0.35922167363266,0.100613737436568,-0.380388482536376,0.0807460952441322,22,"",""
"visit1_only","dsq_freq_sum","mip_pre_max_percentpredict_2",-0.299148824677523,0.176234015999225,-0.367349831123058,0.0925999201940102,22,"",""
"visit1_only","dsq_freq_sum","mip_post_max_percentpredict_3",-0.307584623552648,0.163765685071599,-0.357712567034953,0.102156013675412,22,"",""
"visit1_only","dsq_freq_sum","mip_post_max_percentpredict_4",-0.307584623552648,0.163765685071599,-0.357712567034953,0.102156013675412,22,"",""
"visit1_only","dsq_freq_sum","sindex_pre_max_percentpredict",-0.310401976753042,0.159741767869335,-0.351476690272061,0.108713272533395,22,"",""
"visit1_only","dsq_freq_sum","cpet_vo2peak_absolute",-0.403865009733993,0.0774023139786983,-0.342148528391222,0.13978183817281,20,"",""
"visit1_only","dsq_freq_sum","fmd_percent",0.18274722301153,0.44060287093393,0.332201918918566,0.152427593051168,20,"",""
"visit1_only","dsq_freq_sum","mip_post_max_percentpredict_5",-0.286134830271808,0.196723335891322,-0.331635264208316,0.131617303603773,22,"",""
"visit1_only","dsq_freq_sum","slopesmip_pre_max",-0.392600820728252,0.132535261533847,-0.28994590435283,0.27601284453322,16,"",""
"visit1_only","dsq_freq_sum","sindex_pre_max",-0.339358228743406,0.122325613434214,-0.283442764063534,0.201154418791193,22,"",""
"visit1_only","dsq_freq_sum","pif_pre_max",-0.323842253562569,0.141493978656011,-0.270394314874227,0.223580895460317,22,"",""
"visit1_only","dsq_freq_sum","slopesmip_post_max",-0.411898170439448,0.112905535898164,-0.208583533233413,0.43819729385263,16,"",""
"visit1_only","dsq_freq_sum","cpet_vt_peak",-0.169369307178929,0.475317233150981,-0.190334280694455,0.421523675835306,20,"",""
"visit1_only","dsq_freq_sum","smip_post_max",-0.0783274384999375,0.728985006275728,-0.171583523454602,0.445159623565508,22,"",""
"visit1_only","dsq_freq_sum","mip_pre_max",-0.211474936020993,0.344786142244246,-0.154850584803657,0.491398835022809,22,"",""
"visit1_only","dsq_freq_sum","mip_pre_max_percentpredict_3",-0.145941407275724,0.516950829017089,-0.147960348646787,0.5111053354121,22,"",""
"visit1_only","dsq_freq_sum","mip_pre_max_percentpredict_4",-0.145941407275724,0.516950829017089,-0.147960348646787,0.5111053354121,22,"",""
"visit1_only","dsq_freq_sum","mip_pre_max_percentpredict_5",-0.121391821041011,0.590480868502762,-0.14115757399636,0.530927854321506,22,"",""
"visit1_only","dsq_freq_sum","volume_post_max",0.134826280111702,0.549693631665181,0.107416988224201,0.63421584404621,22,"",""
"visit1_only","dsq_freq_sum","id_pre_max",0.0247726331445747,0.927440434762431,-0.0858003186350211,0.752044578963355,16,"",""
"visit1_only","dsq_freq_sum","smip_pre_max",-0.0365975530287825,0.871548929127705,-0.0765312148173037,0.734981315694611,22,"",""
"visit1_only","dsq_freq_sum","fit_post_max",-0.0076515493902216,0.973041126269712,-0.0633020935929955,0.77958319833698,22,"",""
"visit1_only","dsq_freq_sum","volume_pre_max",0.0770170766645141,0.733357881997503,0.0606319409705815,0.788672379738609,22,"",""
"visit1_only","dsq_freq_sum","id_post_max",0.0206848772229574,0.939391049418471,-0.057693317702859,0.831928299530316,16,"",""
"visit1_only","dsq_freq_sum","cpet_o2pulse",-0.173105779738032,0.46548601429441,-0.0528706335262374,0.824800968092003,20,"",""
"visit1_only","dsq_freq_sum","fit_pre_max",-0.0258102031904548,0.909227846249507,-0.0233751767221013,0.917762103653579,22,"",""
"visit1_only","dsq_severity_sum","sindex_post_max_percentpredict",-0.504825064489273,0.0165663233027967,-0.557419274161994,0.0070345514921537,22,"*","**"
"visit1_only","dsq_severity_sum","mip_post_max_percentpredict_1",-0.500137153129159,0.0177702985635711,-0.488238041763455,0.0211458828460956,22,"*","*"
"visit1_only","dsq_severity_sum","mip_post_max_percentpredict_2",-0.45609540217916,0.0328879713147708,-0.484268626789769,0.0223800058278497,22,"*","*"
"visit1_only","dsq_severity_sum","cpet_ve",-0.571818263880643,0.00843417415602617,-0.445962402585647,0.0487422543457105,20,"**","*"
"visit1_only","dsq_severity_sum","sindex_post_max",-0.4819310553579,0.02313335444951,-0.415599219798352,0.0544056847804744,22,"*",""
"visit1_only","dsq_severity_sum","fmd_percent",0.216949381361754,0.358218827136949,0.404315813226027,0.0770407888347489,20,"",""
"visit1_only","dsq_severity_sum","mip_post_max",-0.354636940840825,0.105352845430076,-0.39603106199797,0.0680687526744411,22,"",""
"visit1_only","dsq_severity_sum","cpet_vo2peak_absolute",-0.44143224801187,0.0513602983856459,-0.392295740579577,0.0871184579967186,20,"",""
"visit1_only","dsq_severity_sum","pif_post_max",-0.466471502104763,0.0286411509270493,-0.361691173767105,0.0981269775670337,22,"*",""
"visit1_only","dsq_severity_sum","mip_post_max_percentpredict_5",-0.28570865749079,0.197420375582996,-0.346473221274647,0.114192576655154,22,"",""
"visit1_only","dsq_severity_sum","mip_post_max_percentpredict_3",-0.30264431770619,0.170990803267685,-0.340802628455095,0.120641723412065,22,"",""
"visit1_only","dsq_severity_sum","mip_post_max_percentpredict_4",-0.30264431770619,0.170990803267685,-0.340802628455095,0.120641723412065,22,"",""
"visit1_only","dsq_severity_sum","sindex_pre_max_percentpredict",-0.260077094253739,0.242437980556553,-0.313016723639289,0.156069406365979,22,"",""
"visit1_only","dsq_severity_sum","slopesmip_post_max",-0.409951828716648,0.114787115577811,-0.260166083588414,0.33048090923941,16,"",""
"visit1_only","dsq_severity_sum","mip_pre_max_percentpredict_2",-0.22776049745889,0.308007615837979,-0.246670787650526,0.268439464068233,22,"",""
"visit1_only","dsq_severity_sum","mip_pre_max_percentpredict_1",-0.269092757028013,0.225904782665422,-0.243268431958795,0.275308836741283,22,"",""
"visit1_only","dsq_severity_sum","smip_post_max",-0.132881553727519,0.555517620120537,-0.163689056427528,0.466683808728408,22,"",""
"visit1_only","dsq_severity_sum","slopesmip_pre_max",-0.374111244595538,0.153430914348841,-0.159647369474708,0.554790308049944,16,"",""
"visit1_only","dsq_severity_sum","sindex_pre_max",-0.243875404429074,0.274075321340465,-0.128693514188224,0.568153277394951,22,"",""
"visit1_only","dsq_severity_sum","volume_pre_max",0.0778729353715953,0.730500838319626,0.12756264236902,0.571586813409308,22,"",""
"visit1_only","dsq_severity_sum","volume_post_max",0.10126927312983,0.653846886806301,0.123365728029156,0.584408286155694,22,"",""
"visit1_only","dsq_severity_sum","pif_pre_max",-0.22912589589513,0.30503735342702,-0.118402518583772,0.599727856859954,22,"",""
"visit1_only","dsq_severity_sum","cpet_vt_peak",-0.153983080081351,0.516871043367225,-0.115647877280685,0.627303379626173,20,"",""
"visit1_only","dsq_severity_sum","mip_pre_max",-0.121946581812158,0.588771481252618,-0.0527663162833972,0.815597456150959,22,"",""
"visit1_only","dsq_severity_sum","id_post_max",-0.0239433908533047,0.929863639874118,-0.038433625984652,0.887621132102691,16,"",""
"visit1_only","dsq_severity_sum","fit_pre_max",-0.0222113674452351,0.921844158249644,0.037639045952928,0.867924032016799,22,"",""
"visit1_only","dsq_severity_sum","smip_pre_max",-0.0861874783254749,0.702929567631444,-0.0374259126090454,0.868665632614242,22,"",""
"visit1_only","dsq_severity_sum","mip_pre_max_percentpredict_5",-0.0478834977745996,0.832415681094127,-0.0368588533270901,0.870639241388618,22,"",""
"visit1_only","dsq_severity_sum","fit_post_max",0.0240083481087725,0.915542092047982,-0.0339418637363244,0.880803119737141,22,"",""
"visit1_only","dsq_severity_sum","id_pre_max",-0.0283009111744679,0.917137051337281,-0.0295643276805015,0.913450507637796,16,"",""
"visit1_only","dsq_severity_sum","mip_pre_max_percentpredict_3",-0.0608327259314814,0.787987969624659,-0.0238164898421198,0.916214717842203,22,"",""
"visit1_only","dsq_severity_sum","mip_pre_max_percentpredict_4",-0.0608327259314814,0.787987969624659,-0.0238164898421198,0.916214717842203,22,"",""
"visit1_only","dsq_severity_sum","cpet_o2pulse",-0.145370610121257,0.540855984556728,-0.0098262902264634,0.967203665305431,20,"",""
"visit1_only","dsq_sum","sindex_post_max_percentpredict",-0.505245931266419,0.0164615475488665,-0.561245796273314,0.0065739513942474,22,"*","**"
"visit1_only","dsq_sum","mip_post_max_percentpredict_1",-0.510685035095148,0.0151550819096478,-0.512589406677038,0.0147180642318204,22,"*","*"
"visit1_only","dsq_sum","mip_post_max_percentpredict_2",-0.457856494998439,0.0321341680238016,-0.497313563431696,0.0185289201444069,22,"*","*"
"visit1_only","dsq_sum","sindex_post_max",-0.496220096721562,0.0188296295955526,-0.456405332515129,0.032754309280187,22,"*","*"
"visit1_only","dsq_sum","cpet_ve",-0.568538552462916,0.008905485082068,-0.453656019893305,0.0445318260034221,20,"**","*"
"visit1_only","dsq_sum","mip_post_max",-0.356795538867408,0.103101632645864,-0.420040047022835,0.0516220136047559,22,"",""
"visit1_only","dsq_sum","pif_post_max",-0.48307095198154,0.0227634949321592,-0.405872031989657,0.0609055088044479,22,"*",""
"visit1_only","dsq_sum","cpet_vo2peak_absolute",-0.426430850738732,0.0608017456918733,-0.392615924193375,0.0868380302574292,20,"",""
"visit1_only","dsq_sum","fmd_percent",0.20174272269205,0.393688119594379,0.392534383151003,0.0869093834414867,20,"",""
"visit1_only","dsq_sum","mip_post_max_percentpredict_3",-0.308052400967884,0.163092747028026,-0.368317553804362,0.0916782790210688,22,"",""
"visit1_only","dsq_sum","mip_post_max_percentpredict_4",-0.308052400967884,0.163092747028026,-0.368317553804362,0.0916782790210688,22,"",""
"visit1_only","dsq_sum","mip_post_max_percentpredict_5",-0.288706001906309,0.192553253448591,-0.355870570419268,0.104061926065107,22,"",""
"visit1_only","dsq_sum","mip_pre_max_percentpredict_1",-0.316552330077338,0.151198254207586,-0.35191016661492,0.108247770311643,22,"",""
"visit1_only","dsq_sum","sindex_pre_max_percentpredict",-0.287647554670345,0.19426258608746,-0.351344394642871,0.108855632811427,22,"",""
"visit1_only","dsq_sum","mip_pre_max_percentpredict_2",-0.265494290256356,0.232412255913919,-0.345686674922374,0.115071827534324,22,"",""
"visit1_only","dsq_sum","slopesmip_pre_max",-0.388273460150084,0.137239631154181,-0.237288715462945,0.376211975339851,16,"",""
"visit1_only","dsq_sum","slopesmip_post_max",-0.416378564386345,0.108656416006813,-0.224024128884271,0.404232376422958,16,"",""
"visit1_only","dsq_sum","sindex_pre_max",-0.293752532718131,0.184543702403236,-0.222222222222222,0.320235681186064,22,"",""
"visit1_only","dsq_sum","pif_pre_max",-0.278477940731395,0.209501456990809,-0.212640708687221,0.342070943827786,22,"",""
"visit1_only","dsq_sum","smip_post_max",-0.107038090465062,0.635419076702666,-0.193886409845446,0.387274371870075,22,"",""
"visit1_only","dsq_sum","cpet_vt_peak",-0.162931118982739,0.492497990865867,-0.171816565673876,0.468866406424105,20,"",""
"visit1_only","dsq_sum","mip_pre_max",-0.167672885204891,0.455755999950628,-0.139824651771752,0.534853522029785,22,"",""
"visit1_only","dsq_sum","mip_pre_max_percentpredict_5",-0.0849183221542899,0.707115858907403,-0.127864465683235,0.570669531738408,22,"",""
"visit1_only","dsq_sum","mip_pre_max_percentpredict_3",-0.103764593783192,0.645851175992481,-0.125035605822986,0.579292072525578,22,"",""
"visit1_only","dsq_sum","mip_pre_max_percentpredict_4",-0.103764593783192,0.645851175992481,-0.125035605822986,0.579292072525578,22,"",""
"visit1_only","dsq_sum","id_pre_max",-0.00232957484457189,0.993168322921358,-0.0987474778634615,0.715977200116783,16,"",""
"visit1_only","dsq_sum","volume_post_max",0.118950060410027,0.59802959426361,0.0978445988369047,0.664880315246776,22,"",""
"visit1_only","dsq_sum","smip_pre_max",-0.0623583244781168,0.782792670843808,-0.0837342518633573,0.711028881078425,22,"",""
"visit1_only","dsq_sum","volume_pre_max",0.0782063466426606,0.729388769434477,0.0761365602702959,0.736300799054737,22,"",""
"visit1_only","dsq_sum","id_post_max",-0.00210666070629354,0.993822025440555,-0.0648490899401837,0.811411941532006,16,"",""
"visit1_only","dsq_sum","fit_post_max",0.00849262700157705,0.970078957591343,-0.0611843216683082,0.786789859049632,22,"",""
"visit1_only","dsq_sum","cpet_o2pulse",-0.160393066366761,0.49935347828889,-0.0444613042752575,0.852346471334209,20,"",""
"visit1_only","dsq_sum","fit_pre_max",-0.0242182076629453,0.914806420400505,-0.00910390294652097,0.967926358069978,22,"",""
"visit1_only","fss_sum","cpet_vo2peak_absolute",-0.530490609317237,0.0161151365067467,-0.620951096996816,0.00347968928768224,20,"*","**"
"visit1_only","fss_sum","sindex_post_max_percentpredict",-0.571398976060806,0.00547142747723624,-0.59954837443491,0.00318702051608779,22,"**","**"
"visit1_only","fss_sum","cpet_ve",-0.511206955653994,0.0212417154090214,-0.565186071295646,0.00940921221096685,20,"*","**"
"visit1_only","fss_sum","mip_post_max_percentpredict_2",-0.540163461455176,0.00945621802811806,-0.523190798445558,0.0124684287118068,22,"**","*"
"visit1_only","fss_sum","mip_post_max_percentpredict_3",-0.479407600126238,0.0239692518741056,-0.490950933027832,0.0203343156447919,22,"*","*"
"visit1_only","fss_sum","mip_post_max_percentpredict_4",-0.479407600126238,0.0239692518741056,-0.490950933027832,0.0203343156447919,22,"*","*"
"visit1_only","fss_sum","sindex_post_max",-0.458658213976888,0.0317955606147589,-0.49091551968763,0.0203447458303529,22,"*","*"
"visit1_only","fss_sum","mip_post_max",-0.486580786651584,0.0216543150392988,-0.484437209007471,0.0223264449040289,22,"*","*"
"visit1_only","fss_sum","mip_post_max_percentpredict_1",-0.516657611049161,0.0138187381132803,-0.456448620914125,0.0327356746985068,22,"*","*"
"visit1_only","fss_sum","pif_post_max",-0.434963844865544,0.043065570732994,-0.455302107663558,0.033232052920452,22,"*","*"
"visit1_only","fss_sum","mip_post_max_percentpredict_5",-0.452687934215725,0.0343860576203397,-0.451358115848168,0.0349850834293642,22,"*","*"
"visit1_only","fss_sum","sindex_pre_max_percentpredict",-0.41366420579152,0.0556541297049703,-0.343326286115085,0.117739891750341,22,"",""
"visit1_only","fss_sum","fmd_percent",0.23074762060309,0.327687244308996,0.32616930012067,0.160473327981263,20,"",""
"visit1_only","fss_sum","fit_post_max",-0.316276722018985,0.15157408294835,-0.285351104665874,0.198006466621016,22,"",""
"visit1_only","fss_sum","smip_post_max",-0.271067153209069,0.222385772996724,-0.26711958253683,0.22945804905305,22,"",""
"visit1_only","fss_sum","mip_pre_max_percentpredict_1",-0.252245917626657,0.257420176323593,-0.265837486777743,0.231786382473741,22,"",""
"visit1_only","fss_sum","mip_pre_max_percentpredict_2",-0.298566914659614,0.177117490016376,-0.259615758363796,0.243304545122214,22,"",""
"visit1_only","fss_sum","cpet_o2pulse",-0.229621401059505,0.330119592310332,-0.254710522797238,0.27847342695809,20,"",""
"visit1_only","fss_sum","volume_post_max",0.208151226530838,0.352596729828889,0.229940542493541,0.303273568910549,22,"",""
"visit1_only","fss_sum","pif_pre_max",-0.254622302783974,0.252812600081505,-0.221686987806276,0.321432732392629,22,"",""
"visit1_only","fss_sum","sindex_pre_max",-0.26304783126592,0.236905803234451,-0.217908764770193,0.329959222978998,22,"",""
"visit1_only","fss_sum","mip_pre_max",-0.215891193420929,0.334567157679619,-0.213073141578637,0.341066983391125,22,"",""
"visit1_only","fss_sum","mip_pre_max_percentpredict_5",-0.201740183444499,0.367951083932379,-0.191742357484372,0.392646915647163,22,"",""
"visit1_only","fss_sum","mip_pre_max_percentpredict_3",-0.228082764029693,0.307304976915945,-0.188348687440401,0.401235357053041,22,"",""
"visit1_only","fss_sum","mip_pre_max_percentpredict_4",-0.228082764029693,0.307304976915945,-0.188348687440401,0.401235357053041,22,"",""
"visit1_only","fss_sum","fit_pre_max",-0.310576385076085,0.159494955698472,-0.175769311480105,0.433962933921232,22,"",""
"visit1_only","fss_sum","id_post_max",-0.12104472976346,0.655198840290867,-0.166790803443385,0.536974978781394,16,"",""
"visit1_only","fss_sum","cpet_vt_peak",-0.0994031723554862,0.676710678744547,-0.165034332818329,0.486852204363709,20,"",""
"visit1_only","fss_sum","smip_pre_max",-0.177129471638325,0.430357228380605,-0.136878025106838,0.543579429981009,22,"",""
"visit1_only","fss_sum","id_pre_max",-0.101662141009392,0.707931843294259,-0.110701860692512,0.683166261196743,16,"",""
"visit1_only","fss_sum","slopesmip_post_max",-0.105578381255876,0.697167392431411,-0.107749811074045,0.691221953652211,16,"",""
"visit1_only","fss_sum","volume_pre_max",0.0885445016827615,0.695177055231172,0.0843513121969061,0.708988784838823,22,"",""
"visit1_only","fss_sum","slopesmip_pre_max",-0.178600101903331,0.508097333908225,-0.0516608683231722,0.849303888939724,16,"",""
"visit1_only","psqi_disturbances","smip_post_max",-0.392510761777236,0.0707804923921742,-0.395876855877917,0.0681858644309462,22,"",""
"visit1_only","psqi_disturbances","id_pre_max",-0.503800429103846,0.0466266578818648,-0.39540427136682,0.129547429491379,16,"*",""
"visit1_only","psqi_disturbances","smip_pre_max",-0.431871403537588,0.0447407553273304,-0.388667407683321,0.0738335226666847,22,"*",""
"visit1_only","psqi_disturbances","volume_pre_max",-0.366839079333094,0.0930891078371947,-0.368001458174222,0.0919785717912742,22,"",""
"visit1_only","psqi_disturbances","cpet_vt_peak",-0.321027539552319,0.167558520662532,-0.36166273558207,0.1171511088443,20,"",""
"visit1_only","psqi_disturbances","fit_pre_max",-0.169211707387895,0.451570825199977,-0.348726982438959,0.111700203539666,22,"",""
"visit1_only","psqi_disturbances","id_post_max",-0.417581433012385,0.10753502508009,-0.337065936247125,0.201724312461615,16,"",""
"visit1_only","psqi_disturbances","slopesmip_post_max",0.11178248099529,0.680225354840244,0.327342880393843,0.215861082400713,16,"",""
"visit1_only","psqi_disturbances","fmd_percent",0.39828099349158,0.0819857330160025,0.318807204460541,0.170683408389823,20,"",""
"visit1_only","psqi_disturbances","fit_post_max",-0.0771962377877385,0.732759519438499,-0.31816052936997,0.149018312213762,22,"",""
"visit1_only","psqi_disturbances","pif_pre_max",-0.27807703603575,0.210185413249977,-0.313778057099356,0.15501132736508,22,"",""
"visit1_only","psqi_disturbances","sindex_pre_max",-0.269611042457281,0.224977503872251,-0.288896675781525,0.19224641342091,22,"",""
"visit1_only","psqi_disturbances","slopesmip_pre_max",0.0594033258127571,0.827015769006776,0.256040470803105,0.338481115499151,16,"",""
"visit1_only","psqi_disturbances","cpet_vo2peak_absolute",-0.242584911995379,0.302768373642858,-0.23660178963313,0.315215667776827,20,"",""
"visit1_only","psqi_disturbances","cpet_o2pulse",-0.279958545062745,0.231896996466842,-0.226461712934567,0.337000518970897,20,"",""
"visit1_only","psqi_disturbances","volume_post_max",-0.252641284818348,0.256649896469137,-0.216477092935605,0.333225096905185,22,"",""
"visit1_only","psqi_disturbances","mip_post_max",-0.090723573052369,0.688035894877279,-0.132170764081231,0.557653177634077,22,"",""
"visit1_only","psqi_disturbances","mip_pre_max",-0.25086260881791,0.26012686219218,-0.128993582252355,0.567243746196131,22,"",""
"visit1_only","psqi_disturbances","pif_post_max",-0.144918759067957,0.51992386617262,-0.128524400590479,0.568666158161063,22,"",""
"visit1_only","psqi_disturbances","sindex_post_max",-0.147339923435827,0.512898270911433,-0.119869294890516,0.59518302723592,22,"",""
"visit1_only","psqi_disturbances","mip_pre_max_percentpredict_3",-0.198270088380935,0.376419484198639,-0.115584098363341,0.608501166026414,22,"",""
"visit1_only","psqi_disturbances","mip_pre_max_percentpredict_4",-0.198270088380935,0.376419484198639,-0.115584098363341,0.608501166026414,22,"",""
"visit1_only","psqi_disturbances","cpet_ve",-0.0997065854883548,0.675775326564498,-0.108160818118002,0.649900997674983,20,"",""
"visit1_only","psqi_disturbances","mip_post_max_percentpredict_2",0.0801116250128771,0.723043986436367,0.0673182111346929,0.765964912156693,22,"",""
"visit1_only","psqi_disturbances","mip_post_max_percentpredict_3",-0.0215424226163802,0.924191345122036,-0.0609674364993445,0.787528870076207,22,"",""
"visit1_only","psqi_disturbances","mip_post_max_percentpredict_4",-0.0215424226163802,0.924191345122036,-0.0609674364993445,0.787528870076207,22,"",""
"visit1_only","psqi_disturbances","sindex_pre_max_percentpredict",-0.0313016936925598,0.890018145939194,-0.0419151125932994,0.853068847259434,22,"",""
"visit1_only","psqi_disturbances","mip_post_max_percentpredict_1",0.0353097582425227,0.876034512373824,0.0368344928850206,0.87072404288328,22,"",""
"visit1_only","psqi_disturbances","mip_pre_max_percentpredict_2",-0.0833266956943547,0.712377373425267,0.0292135633226026,0.897316160744191,22,"",""
"visit1_only","psqi_disturbances","mip_pre_max_percentpredict_5",-0.117109569500614,0.603746052669542,-0.0266732534684632,0.906205306954063,22,"",""
"visit1_only","psqi_disturbances","mip_post_max_percentpredict_5",0.0400161922377727,0.859660120131482,0.0203224788331148,0.928473426843406,22,"",""
"visit1_only","psqi_disturbances","sindex_post_max_percentpredict",0.1104026413997,0.624765957275778,0.0101612394165574,0.96420348014556,22,"",""
"visit1_only","psqi_disturbances","mip_pre_max_percentpredict_1",-0.116936437467669,0.604284954440704,0.00762092956241806,0.973148972122452,22,"",""
"visit1_only","psqi_sum","mip_pre_max",-0.528491246167825,0.0114538044056905,-0.538324092221752,0.00975046617454773,22,"*","**"
"visit1_only","psqi_sum","mip_post_max",-0.491553105189094,0.0201576168310118,-0.503859957217079,0.0168086278939416,22,"*","*"
"visit1_only","psqi_sum","mip_pre_max_percentpredict_3",-0.441961889216352,0.0394551734501653,-0.45603603405961,0.0329136237503729,22,"*","*"
"visit1_only","psqi_sum","mip_pre_max_percentpredict_4",-0.441961889216352,0.0394551734501653,-0.45603603405961,0.0329136237503729,22,"*","*"
"visit1_only","psqi_sum","mip_pre_max_percentpredict_5",-0.386826457199924,0.0753306003339162,-0.415044030998072,0.0547616595149359,22,"",""
"visit1_only","psqi_sum","cpet_vo2peak_absolute",-0.348037117163164,0.132652897845292,-0.410617843885893,0.0721174539207303,20,"",""
"visit1_only","psqi_sum","mip_post_max_percentpredict_3",-0.454695021004058,0.0334972823456095,-0.395686696219012,0.0683304913530288,22,"*",""
"visit1_only","psqi_sum","mip_post_max_percentpredict_4",-0.454695021004058,0.0334972823456095,-0.395686696219012,0.0683304913530288,22,"*",""
"visit1_only","psqi_sum","mip_post_max_percentpredict_5",-0.415300395404286,0.0545970624654902,-0.331921358123287,0.131264356328693,22,"",""
"visit1_only","psqi_sum","smip_post_max",-0.30816422767435,0.162932159973873,-0.323564110457095,0.141855928646403,22,"",""
"visit1_only","psqi_sum","pif_pre_max",-0.225709257361418,0.312502900047517,-0.278717260398921,0.209093879454771,22,"",""
"visit1_only","psqi_sum","mip_pre_max_percentpredict_2",-0.323234074148132,0.142286258093981,-0.276126687289527,0.213534027735225,22,"",""
"visit1_only","psqi_sum","mip_post_max_percentpredict_2",-0.363525688826057,0.0963091688315569,-0.273849353786108,0.217488762981709,22,"",""
"visit1_only","psqi_sum","slopesmip_pre_max",-0.145048596072093,0.591973194280922,-0.265390587430958,0.320507352698535,16,"",""
"visit1_only","psqi_sum","cpet_ve",-0.22876110412599,0.331984788957471,-0.255310356807281,0.277304038443539,20,"",""
"visit1_only","psqi_sum","volume_pre_max",-0.172827120657588,0.441817327070478,-0.246714383070352,0.268352156063006,22,"",""
"visit1_only","psqi_sum","sindex_pre_max",-0.215648115426098,0.335124893780042,-0.239879223534941,0.282260674417601,22,"",""
"visit1_only","psqi_sum","mip_pre_max_percentpredict_1",-0.21089917614459,0.346131808139553,-0.235134684227989,0.292175250789022,22,"",""
"visit1_only","psqi_sum","smip_pre_max",-0.240021623846355,0.2819663978,-0.208376015562818,0.352065252861724,22,"",""
"visit1_only","psqi_sum","cpet_o2pulse",-0.161129474313824,0.497359624455706,-0.191672166979947,0.418205920847101,20,"",""
"visit1_only","psqi_sum","mip_post_max_percentpredict_1",-0.296369604599456,0.180480941498479,-0.189018680783758,0.399531600014892,22,"",""
"visit1_only","psqi_sum","sindex_post_max",-0.228679535597055,0.306006421493227,-0.188627054807981,0.40052699568543,22,"",""
"visit1_only","psqi_sum","pif_post_max",-0.214022236528795,0.338869622512315,-0.184007067710041,0.412372954370977,22,"",""
"visit1_only","psqi_sum","id_post_max",-0.0690324458741827,0.799470034310705,-0.177915477607346,0.509751439026247,16,"",""
"visit1_only","psqi_sum","slopesmip_post_max",-0.0103102952716712,0.969770278190834,-0.166054445766856,0.53879952651165,16,"",""
"visit1_only","psqi_sum","volume_post_max",-0.141275356672452,0.53058161555545,-0.143837959473762,0.52307477707026,22,"",""
"visit1_only","psqi_sum","sindex_post_max_percentpredict",-0.0875293236680861,0.698512536820532,-0.113866675170939,0.613872947168446,22,"",""
"visit1_only","psqi_sum","fit_post_max",0.155321849333702,0.490064900506454,-0.111684141882249,0.620727167722794,22,"",""
"visit1_only","psqi_sum","id_pre_max",0.00450186426412856,0.986798290600976,0.0593051592024487,0.827297622249812,16,"",""
"visit1_only","psqi_sum","sindex_pre_max_percentpredict",-0.0940480733271375,0.677190439007699,-0.0489626703235037,0.828692249227545,22,"",""
"visit1_only","psqi_sum","fit_pre_max",0.146444471170496,0.51549131266667,-0.0240481760177133,0.915402468458524,22,"",""
"visit1_only","psqi_sum","cpet_vt_peak",0.13861135933404,0.560028217597081,-0.023485522436278,0.921709466928839,20,"",""
"visit1_only","psqi_sum","fmd_percent",0.0777182701393168,0.744666424294084,0.0147842713855297,0.950671901943503,20,"",""
